"id";"sessionId";"sender";"content";"timestamp";"isValid";"feedback";"score";"transcription"
d11a8a1f-2896-4bc0-8543-5f7a5f8b6e97;"10c942dc-f774-416e-ba9d-3e4499c48876";ia;(Curioso) Esse tipo de abordagem ajuda pessoas como eu?;2025-06-29 22:27:50.987;;;0;
"332e2d97-3214-4180-8789-1128eeb8cc37";"10c942dc-f774-416e-ba9d-3e4499c48876";therapist;[Resposta em áudio];2025-06-29 22:29:00.915;false;A resposta não explica a lógica de como a TCC pode ser utilizada para abordar as preocupações específicas do paciente. Embora promova esperança quanto ao uso eficaz da TCC, não estabelece expectativas claras sobre a natureza e o impacto da TCC. Considere incluir uma explicação mais detalhada sobre como a TCC pode ajudar nas preocupações do paciente.;0;Sim, essa abordagem costuma ser bastante útil para pessoas como você. É uma abordagem bem pesquisada, com muito suporte científico quanto sua eficácia para diferentes tipos de problemas e pessoas. Claro, cada pessoa é única e vivencia as coisas de maneira própria. Por isso, vamos adaptar o que fizemos para atender melhor as suas necessidades e preferências, sempre priorizando verificar o que parece estar funcionando, ou não, para você.
e1b618c2-b61f-4245-9374-67b529b30d46;"263f7ee8-ee7f-44ef-9ddc-46e6ef5c7f72";ia;(Curioso) Esse tipo de abordagem ajuda pessoas como eu?;2025-06-29 22:34:25.276;;;0;
"67bb77ae-6d62-4e15-80bb-3ed21dd86e2c";"263f7ee8-ee7f-44ef-9ddc-46e6ef5c7f72";therapist;[Resposta em áudio];2025-06-29 22:35:04.264;false;A resposta valida a experiência do paciente e promove esperança quanto ao uso eficaz da TCC. No entanto, falta uma explicação breve sobre a lógica de como a TCC funciona e não estabelece expectativas claras sobre a natureza e o impacto da TCC. Considere incluir esses elementos para uma resposta mais completa.;75;Sim, essa abordagem costuma ser bastante útil para pessoas como você. É uma abordagem bem pesquisada, com muito suporte científico quanto à sua eficácia para diferentes tipos de pessoas e problemas. Claro, cada pessoa é única e vivencia as coisas de uma maneira própria. Por isso, vamos adaptar o que fizemos para atender melhor às suas necessidades e preferências, sempre priorizando verificar o que parece estar funcionando ou não para você.
dcee43c9-ed90-4845-9bde-8f3904f73abd;"39f8730a-1d66-4982-a2ff-3d0dae08c8e5";ia;(Curioso) Como a terapia funciona?;2025-06-29 22:47:45.392;;;0;
ebc1adfe-cde6-4633-83bb-a331f40a6f80;"39f8730a-1d66-4982-a2ff-3d0dae08c8e5";therapist;[Resposta em áudio];2025-06-29 22:48:18.423;true;A resposta do terapeuta cumpre todos os critérios esperados. Valida a experiência do paciente ao reconhecer a pergunta como ótima, explica a lógica da TCC ao mencionar o foco em pensamentos e comportamentos, promove esperança ao sugerir o ensino de habilidades eficazes, e estabelece expectativas adequadas sobre a natureza da TCC. Excelente trabalho!;100;Essa é uma ótima pergunta. Na terapia cognitivo-comportamental, vamos olhar para suas cognições, ou seja, seus pensamentos, e para os seus comportamentos, para ver se consigo te ensinar algumas habilidades que ajudem a lidar com eles de forma mais eficaz em relação aos problemas que você quer trabalhar. Isso ajuda a responder a sua dúvida?
"52a5b0d0-a1c8-4dd7-b6bf-78ccfc06b70e";"0453eac8-f0c0-4970-bd3e-3f62f7358a72";ia;(Curioso) Esse tipo de abordagem ajuda pessoas como eu?;2025-06-29 22:51:18.496;;;0;
"2defdea9-53ae-4875-8ab1-4461d9fe34cd";"0453eac8-f0c0-4970-bd3e-3f62f7358a72";therapist;[Resposta em áudio];2025-06-29 22:51:58.491;true;A resposta do terapeuta atende a todos os critérios esperados. Valida a experiência do paciente, explica brevemente a eficácia da TCC, promove esperança e estabelece expectativas adequadas sobre a natureza e o impacto da TCC. Excelente trabalho!;100;Sim, essa abordagem costuma ser bastante útil para pessoas como você. É uma abordagem bem pesquisada, com muito suporte científico quanto a sua eficácia para diferentes tipos de pessoas e problemas. Claro, cada pessoa é única e vivencia as coisas de uma maneira própria, por isso, nós vamos adaptar o que fizermos para atender melhor as suas necessidades e preferências, sempre priorizando verificar o que parece estar funcionando ou não para você.
e2ca4ab0-d868-41c7-95be-7bc76c675938;"6d0bbff5-529e-464d-911a-b1f420e51fe9";ia;(Nervoso) Nunca fiz terapia antes. Sobre o que a gente conversa aqui?;2025-06-29 22:54:50.103;;;0;
"8469fe0a-b644-4d1a-938e-43487455b2d4";"6d0bbff5-529e-464d-911a-b1f420e51fe9";therapist;[Resposta em áudio];2025-06-29 22:55:31.101;true;A resposta do terapeuta atende a todos os critérios esperados. Ela valida a experiência do paciente ao focar no que é mais importante para ele, explica a lógica da TCC ao mencionar o ensino de habilidades para modificar pensamentos e comportamentos, promove esperança ao falar sobre o acompanhamento do progresso e ajustamento do plano, e estabelece expectativas adequadas sobre a natureza e o impacto da TCC.;100;Provavelmente vamos falar sobre várias coisas, no fim das contas queremos focar no que for mais importante para você, vamos definir metas para o tratamento, eu vou te ensinar habilidade para perceber e modificar pensamentos e comportamentos, você vai praticar isso em casa, no início de cada sessão vamos montar uma pauta com os temas mais relevantes para você naquele momento, e vamos acompanhar o progresso ao longo do tempo, ajustando o plano se nós estivermos avançando como gostaríamos.
bc87d577-4ddb-4cfa-86d2-af3531fbba6b;"225ca928-4bf8-4957-84b3-4b72b6dd55f4";ia;(Curioso) Esse tipo de abordagem ajuda pessoas como eu?;2025-06-29 22:55:59.955;;;0;
ef93b931-ef57-4188-9d6e-7de971eb9879;"225ca928-4bf8-4957-84b3-4b72b6dd55f4";therapist;[Resposta em áudio];2025-06-29 22:56:31.267;false;A resposta não valida a experiência do paciente nem estabelece expectativas claras sobre a TCC. Embora mencione o suporte científico, falta uma explicação sobre como a TCC funciona e como será adaptada ao paciente. Promover esperança é importante, mas deve ser feito de forma mais específica.;0;Sim, esse tipo de abordagem pode ajudar pessoas como você, assim como diferentes pessoas, né? A TCC é conhecida por ter muitos embasamentos científicos para diferentes pessoas e diferentes situações, né? Então, acredito que pode ser bem positiva para o seu caso.
"3f375a82-80c8-4eeb-9315-f838fd294313";d6f7df66-0144-4f9f-ba67-22b79a9736cf;ia;(Nervoso) Nunca fiz terapia antes. A gente só fala sobre meu passado ou criação?;2025-06-29 23:00:22.808;;;0;
"1aa2fdd1-5693-486e-87ce-2564c951c879";d6f7df66-0144-4f9f-ba67-22b79a9736cf;therapist;[Resposta em áudio];2025-06-29 23:00:49.841;true;A resposta do terapeuta valida a experiência do paciente ao reconhecer que a terapia pode ser misteriosa. Promove esperança ao expressar interesse na história do paciente e ao explicar que a TCC foca em experiências atuais e futuras, mas também pode considerar o passado. Estabelece expectativas adequadas sobre a natureza e o impacto da TCC.;100;Entendo que a terapia ainda possa ser um pouco misteriosa pra você. Tenho, sim, interesse na sua história. De forma geral, a TCC dá ênfase às experiências atuais e futuras, mas em alguns momentos pode ser importante olharmos para o passado para entender melhor o que está acontecendo no presente.
"68c44c05-f171-4f96-8db8-e192c1ce2851";"80da5f43-fecf-44ea-b180-15c5e6b5ce3f";ia;(Nervoso) Nunca fiz terapia antes. A gente só fala sobre meu passado ou criação?;2025-06-29 23:01:07.654;;;0;
"6a9499da-fa93-493f-bb71-2b60bdf59caa";"4c1fc072-f726-458a-83dc-da2e509cdec3";ia;(Curioso) Nossa. Nem sei por onde começar a imaginar minha felicidade.;2025-08-04 19:27:41.574;;;0;
"1ac4e709-72b3-4875-9737-890878e2f6e3";"80da5f43-fecf-44ea-b180-15c5e6b5ce3f";therapist;[Resposta em áudio];2025-06-29 23:01:27.535;false;A resposta não valida a experiência do paciente nem promove esperança quanto ao uso eficaz da TCC. Além disso, não estabelece expectativas adequadas sobre a natureza e o impacto da TCC.;0;Não, a gente não fala só sobre o passado ou criação. Falamos sobre o passado para entender crenças que possam estar atrapalhando a vida atualmente.
a96b9d75-e3cb-4170-b29f-72b8a44dc600;"80da5f43-fecf-44ea-b180-15c5e6b5ce3f";therapist;[Resposta em áudio];2025-06-29 23:03:04.519;false;A resposta não valida a experiência do paciente nem promove esperança quanto ao uso eficaz da TCC. Além disso, não estabelece expectativas adequadas sobre a natureza e o impacto da TCC.;0;Quem nunca fez terapia possa se sentir um pouco nervoso, mas não precisa se preocupar em relação a isso. A gente fala sobre o seu passado, sua criação, quando necessário, mas para entender os problemas que estão acontecendo atualmente. Esse não é o foco da TCC.
"810b0817-0c77-46df-af42-9e9226309ee1";"0bf80af7-f1f2-4f1c-a6db-6f3d12ff861e";ia;(Confuso) Não tenho certeza se entendo como falar sobre meus sentimentos vai ajudar.;2025-06-29 23:18:25.755;;;0;
c7a7020d-66da-4b21-a46d-07eb05942e63;"0bf80af7-f1f2-4f1c-a6db-6f3d12ff861e";therapist;[Resposta em áudio];2025-06-29 23:19:03.492;true;A resposta do terapeuta cumpre todos os critérios esperados. Valida a experiência do paciente, explica a lógica da TCC, promove esperança e estabelece expectativas adequadas sobre a terapia. Excelente trabalho!;100;Essa é uma preocupação muito comum e eu agradeço por compartilhar. A ideia não é falar sobre seus sentimentos apenas por falar. O objetivo é te ajudar a vivenciá-los de maneiras novas, que permitam refletir sobre eles de forma mais objetiva e responder de forma mais adaptativa, para que você consiga atender suas necessidades e viver a vida que você deseja.
eaee8537-be4f-4061-9ed1-9396e903aa61;b681f5dc-8ed4-4e90-9f3c-4c820bb228a8;ia;(Confuso) Não tenho certeza se entendo como falar sobre meus sentimentos vai ajudar.;2025-06-29 23:23:13.439;;;0;
"6fb9491a-5bd9-4c70-b8e6-5663a916761d";b681f5dc-8ed4-4e90-9f3c-4c820bb228a8;therapist;[Resposta em áudio];2025-06-29 23:24:07.682;false;A resposta valida a experiência do paciente, mas não explica claramente a lógica da TCC, nem promove esperança ou estabelece expectativas adequadas sobre a TCC. Recomendamos abordar esses pontos para melhorar a resposta.;0;Essa é uma preocupação bem comum, eu entendo que seja difícil pra ti, né, entender isso também, mas falar sobre os seus sentimentos, ele vai ser bem importante, porque não é só por falar, ele vai nos ajudar a gente a entender o que que tá acontecendo, quais são as suas dificuldades e no que que a gente precisa trabalhar pra que tu possa ter uma vida que esteja mais alinhada com as coisas que tu deseja, com a vida que tu deseja viver, né, então a gente vai falar sobre as suas emoções para poder entender o que que tá por trás delas e poder te trazer mais ferramentas e estratégias para viver uma vida melhor.
"12ffa07e-634a-46fd-a467-c898bd2bc369";fd3d235c-6b1a-4dff-9f24-ee2f5fbb836c;ia;(Confuso) Não tenho certeza se entendo como falar sobre meus sentimentos vai ajudar.;2025-06-29 23:25:50.716;;;0;
"49069dbc-fc1b-4a05-9355-380159404ce4";fd3d235c-6b1a-4dff-9f24-ee2f5fbb836c;therapist;[Resposta em áudio];2025-06-29 23:27:00.500;false;A resposta do terapeuta explica bem a lógica da TCC e promove esperança quanto ao seu uso eficaz, mas não valida explicitamente a experiência do paciente. Além disso, poderia estabelecer expectativas mais claras sobre a natureza e o impacto da TCC. Considere incluir uma validação direta da preocupação do paciente para melhorar a resposta.;75;Eu entendo que seja difícil entender todo o processo e a necessidade de algumas coisas dentro do processo terapêutico, mas a gente não vai falar dos seus sentimentos só por falar. Existe um objetivo por trás disso. Dentro da terapia cognitivo comportamental, a gente entende que esses sentimentos, eles desencadeiam pensamentos e comportamentos, e é importante que a gente possa entender o que ele está desencadeando hoje que vem trazendo disfunções para a sua vida. Então a gente vai entender o que está por trás desses sentimentos e como poder trabalhá-los para que a gente possa ter uma vida mais alinhada com aquela vida que você deseja viver. Então a partir disso a gente vai desenvolver estratégias e intervenções para poder trabalhar esses sentimentos e poder te dar mais qualidade de vida.
"9e2946e7-f879-41c6-ac94-8140f733bc75";a9cb68c0-5f66-487f-b507-50c17bc9f37d;ia;(Nervoso) Tenho dificuldade com organização, então estou preocupado em fazer todas as tarefas de casa corretamente.;2025-06-29 23:32:00.692;;;0;
"58629b37-f804-448c-adee-a12caefe2267";a9cb68c0-5f66-487f-b507-50c17bc9f37d;therapist;[Resposta em áudio];2025-06-29 23:32:32.025;true;A resposta do terapeuta valida a experiência do paciente, explica como a TCC aborda as tarefas de casa e estabelece expectativas adequadas. Excelente trabalho!;100;Eu entendo a sua preocupação e gostaria primeiro de esclarecer exatamente do que se trata. Porque, em geral, antes de propor qualquer tarefa para você fazer fora das sessões, vamos pensar juntos sobre o que pode tornar essa tarefa difícil e elaborar estratégias para facilitar a sua realização. O que você acha disso?
eaec2125-a8a5-4275-be23-0519c6839552;"68b5b698-567f-417f-8973-cbe661cece0b";ia;(Nervoso) Tenho dificuldade com organização, então estou preocupado em fazer todas as tarefas de casa corretamente.;2025-06-29 23:32:52.562;;;0;
"4c252ffc-836b-438a-81d0-e737bb98e1f0";"68b5b698-567f-417f-8973-cbe661cece0b";therapist;[Resposta em áudio];2025-06-29 23:33:34.441;false;A resposta não esclarece exatamente do que se trata a preocupação do paciente, nem explica como a TCC aborda as tarefas de casa. Embora valide a experiência do paciente e estabeleça expectativas, não cumpre todos os critérios.;0;Entendo a sua preocupação, mas queria que a gente pudesse combinar, assim, né, aqui entre nós, que sempre que houver tarefas de casa, a gente vai conversar primeiro sobre elas, vamos pensar juntos em estratégias e como tornar isso palatável pra você, né, como a gente pode estar colocando isso dentro da sua rotina de uma forma que permita que tu possa fazer essas tarefas, porque é bem importante dentro do processo terapêutico que elas sejam realizadas. O que você acha disso?
"44e8cd91-c422-4dfd-9fb8-2f671c9fc557";fe455f4a-b5d4-4c54-af38-ea1feaf96b56;therapist;[Resposta em áudio];2025-06-30 17:43:38.939;false;A resposta valida a experiência do paciente e prioriza a confiança e segurança, mas não aborda a psicoeducação sobre autonomia e consentimento, nem realiza uma análise funcional das experiências passadas. Além disso, não há questionamento colaborativo. Considere incluir esses elementos para atender a todos os critérios.;60;Sinto muito que isso tenha acontecido contigo, que o trabalho do terapeuta tenha tido essa intenção e acabou fazendo com que tu ficasse tão mal, fosse internado. Confiança é algo que a gente constrói com o tempo. Eu tô aqui aberta e disposta a poder entender tudo que tu passou, pra que a gente possa ir com calma, pra que a gente possa fazer passo a passo, pra que respeite os seus limites e dentro dessa confiança e desses limites a gente possa conseguir fazer um bom trabalho.
"1e96cd49-d047-4b51-aca2-767c5d201c18";"68b5b698-567f-417f-8973-cbe661cece0b";therapist;[Resposta em áudio];2025-06-29 23:34:55.820;true;A resposta do terapeuta valida a experiência do paciente ao reconhecer sua preocupação, explica como a TCC aborda as tarefas de casa e estabelece expectativas adequadas ao enfatizar a colaboração e a adaptação à rotina do paciente. Excelente trabalho!;100;Eu entendo a sua preocupação, mas eu gostaria de entender melhor do que se trata, porque sempre que a gente falar sobre tarefas de casa, a gente vai estar definindo elas de uma forma conjunta, pensando em como colocá-la dentro da sua rotina para que seja possível de ser realizada. É bem importante para o TCC que a gente possa ter essas tarefas feitas, que o processo terapêutico possa se manter acontecendo para fora das sessões. Por isso eu queria reforçar a importância de que você possa estar realizando essas tarefas. Mas claro, sempre considerando a sua rotina, a sua disponibilidade, a gente vai construir elas juntos e eu sempre vou querer te ouvir dentro desse processo. O que você acha? Assim ficaria possível para você?
"6f27409d-a7ec-416c-aa28-5b67758f645e";e176f648-e462-4666-9be6-71e1a41d9694;ia;(Desdenhoso) Não sei se isso é o certo para mim.;2025-06-29 23:38:10.011;;;0;
b89e588e-9b14-4cd5-845e-b0840f071f08;e176f648-e462-4666-9be6-71e1a41d9694;therapist;[Resposta em áudio];2025-06-29 23:38:45.979;true;A resposta do terapeuta valida a experiência do paciente ao reconhecer suas dúvidas, promove esperança ao afirmar que a terapia pode ajudar e estabelece expectativas adequadas ao apoiar o paciente na tomada de decisão informada. Excelente trabalho!;100;Acho muito importante reconhecer esse tipo de dúvida, gostaria de entender melhor o que tá por trás das suas preocupações. É bastante comum as pessoas se sentirem inseguras sobre a terapia, seja em geral ou de um tipo específico, é a escolha certa. Pelo que eu vi até agora, acredito que a terapia possa te ajudar, mas quero te apoiar pra que você tome uma decisão bem informada e que atenda as suas necessidades nesse momento.
cbbdfe88-d346-4359-a15f-578a0f32a4ac;"819d3013-47f4-4954-a1b6-e5e0c8eae606";ia;(Nervoso) O que você está dizendo faz sentido. Consigo ver como esse jeito de trabalhar pode ajudar outras pessoas, mas não sei se combina comigo.;2025-06-30 17:12:50.771;;;0;
f7558db9-d494-49cf-95fd-585e6d8b3498;"819d3013-47f4-4954-a1b6-e5e0c8eae606";therapist;[Resposta em áudio];2025-06-30 17:14:05.532;false;A resposta valida a experiência do paciente, mas não explica como a TCC pode ser utilizada nem promove esperança. Considere incluir esses elementos para atender a todos os critérios.;0;Agradeço por compartilhar sua incerteza. Se estiver tudo bem pra você, gostaria de explorar um pouco o que, especificamente, te faz sentir que essa abordagem pode não ser adequada. Me parece uma boa ideia conversarmos sobre diferentes tipos de terapia para que você possa escolher o que faz mais sentido. Podemos incluir isso na nossa pauta da sessão de hoje. O que acha?
"822efa0f-2cad-4691-82a7-ef0ddeb9d73b";"951a92cb-e68a-4938-b122-75bddb3d39dd";ia;(Com medo) Já tive experiências ruins com terapia antes, e não sei se isso realmente ajuda. Como isso vai ser diferente?;2025-06-30 17:26:59.361;;;0;
"59b0c812-1153-4893-a60b-ededf2c0c565";"951a92cb-e68a-4938-b122-75bddb3d39dd";therapist;[Resposta em áudio];2025-06-30 17:28:00.541;false;A resposta valida a experiência do paciente, mas não promove esperança específica sobre a TCC nem estabelece expectativas claras sobre seu uso e impacto.;0;Eu sinto muito que isso tenha acontecido contigo, que o trabalho do terapeuta tenha tido essa intenção e acabou fazendo com que tu ficasse tão mal, fosse internado. Confiança é algo que a gente constrói com o tempo. Eu tô aqui aberta e disposta a poder entender tudo que tu passou pra que a gente possa ir com calma, pra que a gente possa fazer passo a passo, pra que a gente respeite seus limites e dentro dessa confiança e desses limites a gente consiga fazer um bom trabalho.
"46d610b2-02a3-4cc0-82bc-7b7e70878ae1";"951a92cb-e68a-4938-b122-75bddb3d39dd";therapist;[Resposta em áudio];2025-06-30 17:28:52.437;true;A resposta do terapeuta valida a experiência do paciente, promove esperança ao sugerir que esta experiência pode ser diferente e estabelece expectativas adequadas sobre a natureza da TCC. Excelente trabalho!;100;Dadas as experiências ruins que você teve, entendo porque pode estar cético. Para ser honesto, cada processo terapêutico é diferente e há bastante potencial para que essa experiência seja diferente para você. Acho importante conversarmos sobre suas experiências anteriores com a terapia, especialmente o que não foi útil e o que, se houver, foi pelo menos um pouco útil. O que você pensa sobre isso?
beed7ab9-c542-4fff-b6d7-394171d366a1;"7e0385c9-c12a-448e-89e5-731987fbd7c6";ia;(Com medo) Já tive experiências ruins com terapia antes, e não sei se isso realmente ajuda. Como isso vai ser diferente?;2025-06-30 17:31:10.746;;;0;
"73bce600-fbda-4b41-b2ae-d642bc24bd85";"7e0385c9-c12a-448e-89e5-731987fbd7c6";therapist;[Resposta em áudio];2025-06-30 17:31:49.202;false;A resposta valida a experiência do paciente e demonstra empatia, mas não inicia um processo de reestruturação cognitiva de crenças disfuncionais nem explora experiências passadas de forma direta. Para ser considerada adequada, a resposta deve abordar todos os critérios.;60;Sinto muito que isso tenha acontecido contigo, que o trabalho do terapeuta tenha tido essa intenção e acabou fazendo com que tu ficasse tão mal, fosse internado. Confiança é algo que a gente constrói com o tempo. Eu tô aqui aberta e disposta a poder entender tudo que tu passou, pra que a gente possa ir com calma, pra que a gente possa fazer passo a passo, pra que a gente respeite os seus limites e dentro dessa confiança, desses limites, consiga fazer um bom trabalho.
bba50f4f-2ec8-4960-9867-3a39bb13ca6d;"39706b98-4b42-4eff-b126-b6a3cf330fb4";ia;(Impaciente) Quanto tempo vai levar para isso funcionar? Não tenho muito tempo nem dinheiro.;2025-06-30 17:35:32.162;;;0;
"2cbbb9cf-cd83-4026-8899-d5f7f5031fd9";"39706b98-4b42-4eff-b126-b6a3cf330fb4";therapist;[Resposta em áudio];2025-06-30 17:36:18.916;true;A resposta do terapeuta cumpre todos os critérios esperados. Valida a experiência do paciente, fornece psicoeducação sobre a estrutura e eficácia da TCC, e estabelece expectativas adequadas sobre a natureza e o impacto da terapia.;100;Essa é uma pergunta importante, mas um pouco difícil de responder com precisão. Sei que pode ser frustrante ouvir isso, mas depende. Essa abordagem terapêutica é, em geral, estruturada para ser de curto prazo e ter bons resultados comprovados. Mas cada pessoa é única. Vamos monitorar o progresso a cada sessão e, normalmente, esperamos ver melhoria em torno da sexta ou oitava sessão. Se isso não acontecer, vamos conversar sobre possíveis mudanças.
"5e3228f0-fcff-45e6-a7ee-3a18159bd546";fe455f4a-b5d4-4c54-af38-ea1feaf96b56;ia;(Com medo) Já tive experiências ruins com terapia antes. Meu último terapeuta tentou me fazer falar e visualizar meus traumas do passado. Acabei sendo internado! Como posso saber se posso confiar em você?;2025-06-30 17:43:03.304;;;0;
ee32d303-2b34-4ac7-bcb3-ebe23ca7342d;debcc3c5-cd3c-407d-ac9c-3873e8267307;ia;(Com medo) Já tive experiências ruins com terapia antes. Meu último terapeuta tentou me fazer falar e visualizar meus traumas do passado. Acabei sendo internado! Como posso saber se posso confiar em você?;2025-06-30 17:46:18.379;;;0;
"93ff43f8-b28e-41f1-aab7-7c17a31b936b";fe455f4a-b5d4-4c54-af38-ea1feaf96b56;therapist;[Resposta em áudio];2025-06-30 17:45:14.329;false;A resposta do terapeuta valida a experiência do paciente e aborda a autonomia e consentimento. No entanto, não realiza uma análise funcional detalhada das experiências passadas, pois não menciona a hospitalização. A priorização da confiança está presente, mas o questionamento colaborativo poderia ser mais explícito. Considere ajustar esses pontos para atender a todos os critérios.;80;Muito por saber que você teve experiências negativas. Isso soa realmente difícil e acho totalmente compreensível que você esteja se perguntando isso. Em primeiro lugar, é importante deixar claro que você nunca será forçado a fazer nada no nosso trabalho juntos. Sem entrarmos necessariamente no conteúdo dos seus traumas passados, seria útil entender um pouco mais sobre o tipo de trabalho que você fazia com o seu terapeuta anterior e as circunstâncias da sua organização. Também sugiro que hoje a gente dê prioridade a conversar sobre como construir e manter a confiança entre nós. O que acha?
aa2a6da2-7437-45f7-a00a-b4d0137abf17;debcc3c5-cd3c-407d-ac9c-3873e8267307;therapist;[Resposta em áudio];2025-06-30 17:47:09.784;true;A resposta do terapeuta atende a todos os critérios esperados. A experiência do paciente é validada, há psicoeducação sobre autonomia e consentimento, e uma análise funcional é sugerida. A confiança e segurança são priorizadas, e o questionamento colaborativo é utilizado. Excelente trabalho!;100;Sinto muito por saber que você teve experiências negativas. Isso soa realmente difícil e acho totalmente compreensível que você esteja se perguntando isso. Em primeiro lugar, é importante deixar claro que você nunca será forçado a fazer nada no nosso trabalho juntos. Sem entrarmos necessariamente no conteúdo dos seus traumas passados, seria útil entender um pouco mais sobre o tipo de trabalho que você fazia com seu terapeuta anterior e as circunstâncias da sua hospitalização. Também sugiro que hoje a gente dê prioridade a conversar sobre como construir e manter confiança entre nós. O que você acha?
"32c7525e-206a-4bc9-83e6-eb41e4eb0f0b";"00fd31d7-177c-47c6-a41d-138c137b9e58";ia;(Desamparado) Fui abusado quando era criança e, recentemente, não consigo parar de pensar nisso. Meu namorado tenta me ajudar a ser mais positivo, mas não consigo parar de me sentir deprimido. Às vezes penso que seria mais fácil para todos se eu estivesse morto.;2025-06-30 17:52:19.745;;;0;
"91d5e062-812f-443f-a9b6-da518988583a";"00fd31d7-177c-47c6-a41d-138c137b9e58";therapist;[Resposta em áudio];2025-06-30 17:53:17.782;true;A resposta do terapeuta valida a experiência do paciente, aborda pensamentos suicidas, inicia uma reestruturação cognitiva e utiliza a exploração socrática. Excelente trabalho em atender todos os critérios.;100;Imagino que isso tudo esteja sendo muito avassalador, às vezes você pensa que seria mais fácil pra todos se você estivesse morto. Não quero colocar palavras na sua boca, mas me parece que talvez existam outros momentos em que ainda há alguma esperança. Por exemplo, o fato de você ter vindo até aqui hoje. Podemos explorar esse pensamento de que seria mais fácil pra todos se você estivesse aqui?
"0a2034fa-c1ef-4d06-83c8-233c26fe77cc";"7851edee-a670-43bf-9002-eff174d0703c";ia;(Com raiva) Meu médico disse que eu tenho que te procurar por causa do meu “problema com raiva”. Às vezes, quando fico muito irritado, perco o controle e agrido as pessoas. Fico com muita raiva quando dizem coisas idiotas! Você tem certeza de que consegue me ajudar com isso?;2025-06-30 18:04:53.353;;;0;
"12f102ca-1a0a-49c6-b32a-e2fdb9c4aca1";"7851edee-a670-43bf-9002-eff174d0703c";therapist;[Resposta em áudio];2025-06-30 18:05:56.585;true;A resposta do terapeuta atende a todos os critérios esperados. Valida a experiência do paciente ao reconhecer a raiva, aumenta a consciência emocional ao explorar preocupações e percepção do problema, realiza estruturação colaborativa da sessão ao propor incluir o tema na pauta, introduz a ideia de regulação emocional ao sugerir um plano para lidar com a raiva, e estabelece expectativas adequadas sobre a TCC. Excelente trabalho!;100;Parece que você está com raiva agora. Vamos falar sobre suas preocupações em relação a receber a ajuda que você deseja. Podemos incluir isso na nossa pauta hoje. Também gostaria de conversar com você sobre como podemos fazer um plano para lidar com situações em que você sinta raiva durante as sessões. Podemos tratar disso hoje também? Mas antes, queria entender melhor até que ponto você considera que tem um problema com raiva.
"6ca0352c-a080-46ee-a47b-3677bc476f64";e79b4e14-ca2b-4d41-a680-a5c07442fe27;ia;(Preocupado) Eu realmente preciso entender por que sou do jeito que sou hoje. Acho que compreender meu passado e minha infância é muito importante, mas parece que essa abordagem não trabalha com isso?;2025-06-30 18:06:21.189;;;0;
"3f6f6a7f-066a-4c97-8c90-72088e36e5fd";e79b4e14-ca2b-4d41-a680-a5c07442fe27;therapist;[Resposta em áudio];2025-06-30 18:07:22.854;true;A resposta do terapeuta atende a todos os critérios esperados. Valida a experiência do paciente ao reconhecer a importância do passado, explica a lógica da TCC ao focar no presente, promove esperança ao conectar experiências passadas com o presente de forma útil, e realiza uma checagem de compreensão ao perguntar se faz sentido para o paciente. Excelente trabalho!;100;Esse é um ponto importante de esclarecimento, na verdade, concordo que o passado é importante e ele também tem lugar dentro dessa abordagem. Embora a TCC foque principalmente no presente e no que está acontecendo agora, seu passado definitivamente não está fora dos limites. Provavelmente vamos precisar falar sobre suas experiências passadas para compreender melhor sua vida atual. Quando isso for relevante, vamos abordar, sempre conectando com o que for mais útil para você no momento. Isso parece fazer sentido pra você?
e1436d5d-1751-429a-bc73-d66e5b88542a;"9c51b345-0440-487b-9451-eac2b1fa9f63";ia;(Curioso) Esse tipo de abordagem ajuda pessoas como eu?;2025-06-30 18:08:01.609;;;0;
d4f57d59-77b1-4d16-9eee-8ffe1b5edf88;"622db6db-16e5-4411-9382-cac67d6ef4b1";ia;(Curioso) Esse tipo de abordagem ajuda pessoas como eu?;2025-06-30 18:08:20.335;;;0;
"8da88928-a592-4d66-8abe-38ecf8ce8729";b11d8cae-dd34-4da6-b0e1-73a1b95f64b1;ia;(Curioso) Esse tipo de abordagem ajuda pessoas como eu?;2025-06-30 18:08:37.367;;;0;
"5df34acb-1328-4a92-9718-3533e94a2f83";b11d8cae-dd34-4da6-b0e1-73a1b95f64b1;therapist;[Resposta em áudio];2025-06-30 18:09:15.755;false;A resposta não valida a experiência do paciente nem explica como a TCC funciona. Embora promova esperança, não estabelece expectativas adequadas sobre a TCC.;0;Sim, a TCC é conhecida por ter muita evidência de sucesso com diferentes tipos de pessoas e diferentes necessidades emocionais, né, então eu acredito que ela pode sim ajudar pessoas como você e eu entendo, né, a sua insegurança, seu desejo de entender um pouquinho mais, mas acredito que existe uma grande probabilidade de que ela possa te ajudar.
"4a0cca28-ebd7-4e04-a2e0-f40b36ad90ab";"77b0d9e9-3880-4512-bd60-e2ced9fde1f5";ia;(Nervoso) Nunca fiz terapia antes. A gente só fala sobre meu passado ou criação?;2025-08-04 16:38:02.135;;;0;
df8df7ce-5d92-44d0-958b-124d67dba1a4;"6b9b6f68-d37b-4264-a6f3-310448cc9fe0";ia;(Curioso) Nossa. Nem sei por onde começar a imaginar minha felicidade.;2025-08-04 19:28:12.202;;;0;
e0a27814-7695-4126-86d5-c6f2f0757984;b11d8cae-dd34-4da6-b0e1-73a1b95f64b1;therapist;[Resposta em áudio];2025-06-30 18:10:08.579;false;A resposta menciona a eficácia da TCC e seu embasamento científico, mas não valida a experiência do paciente nem estabelece expectativas claras sobre a natureza e o impacto da TCC. Considere incluir esses elementos para atender a todos os critérios.;50;Sim, a TCC pode ajudar diferentes tipos de pessoas, ela é um tipo de técnica que é embasado em muitos estudos científicos para diferentes sintomatologias e diferentes pessoas. Então ela tem obtido muito sucesso em diferentes casos, ela é uma prática...
"3985c85c-5551-4a54-80a2-cd575058c5e1";c381c03d-f071-4a34-91ec-d419bd876588;ia;(Curioso) Esse tipo de abordagem ajuda pessoas como eu?;2025-07-01 17:46:25.055;;;0;
"3fec7a02-51cb-41bf-b3c4-a75fc7ecbd22";c381c03d-f071-4a34-91ec-d419bd876588;therapist;[Resposta em áudio];2025-07-01 17:47:15.239;false;A resposta do terapeuta é encorajadora e promove esperança quanto ao uso da TCC, mas falta uma explicação breve de como a TCC funciona no tratamento psicológico. Além disso, a validação da experiência do paciente poderia ser mais explícita. Considere incluir esses elementos para atender a todos os critérios.;75;Sim, esse tipo de abordagem, a terapia cognitivo-confortamental, ela é baseada em evidências e ela tem evidências de sucesso pra diferentes pessoas e diferentes situações emocionais. Então, acredito que ela possa sim te ajudar nesse processo também. É claro que entendendo que o processo de cada um é diferente, que a gente vai ir adaptando suas necessidades, mas eu realmente confio de que ela possa te ajudar.
a9c5b540-c899-4145-b428-421b57c96f46;"1426a380-dbf1-4cf8-9581-be60387c4a23";ia;(Curioso) Como a terapia funciona?;2025-07-01 18:08:34.711;;;0;
"9e9b3774-bb1b-42e7-857b-fa164e5151fe";"1426a380-dbf1-4cf8-9581-be60387c4a23";therapist;[Resposta em áudio];2025-07-01 18:09:36.574;false;A resposta valida a experiência do paciente e explica a lógica da TCC, mas não promove esperança de forma clara nem estabelece expectativas adequadas sobre o impacto da TCC.;75;Então, acho bem importante que tu tenha perguntado isso. Pra quem nunca fez, né, pode ser um mistério como a terapia funciona, mas falando então da terapia cognitivo-comportamental, nós vamos focar principalmente no momento presente, né, nas situações que estão te incomodando, mas claro, a gente vai falar um pouquinho sobre o teu passado também, pra poder entender o que que eles vêm desencadeando hoje, né, mas não é o nosso foco. O nosso foco, então, é poder conversar, analisar então quais são os seus pensamentos, seus sentimentos, seus comportamentos que estão te trazendo algum problema no momento e poder desenvolver estratégias pra poder lidar com eles de uma forma mais saudável.
c7ee8560-eb8f-4dea-a44c-e31ebb69d54b;b7526587-c39f-45c8-8a95-c37e2cd3a132;ia;(Nervoso) Nunca fiz terapia antes. Sobre o que a gente conversa aqui?;2025-07-01 18:10:56.324;;;0;
cc6a34db-d3cf-44c3-b81f-db1bb423fb0d;b7526587-c39f-45c8-8a95-c37e2cd3a132;therapist;[Resposta em áudio];2025-07-01 18:12:13.437;false;A resposta valida a experiência do paciente e explica a lógica da TCC, mas não estabelece expectativas claras sobre metas, prática em casa e acompanhamento do progresso. Promove esperança, mas falta detalhamento sobre o processo terapêutico.;75;Entendo que possa ficar curioso, né, e até um pouco preocupado com o que é conversado na terapia, quando nunca fez terapia antes. Mas aqui a gente vai falar do que tá te incomodando, né, quais são as questões que estão sendo um problema pra ti, quais são as tuas dificuldades, e a partir disso a gente vai poder entender um pouquinho melhor teus pensamentos, teus sentimentos, os teus comportamentos e reconhecer eles e a partir disso poder, então, criar estratégias pra que tu possa ter uma vida mais equilibrada, mais saudável, mais de acordo com a vida que tu deseja. A gente vai falar, então, principalmente sobre o teu momento atual, mas a gente vai falar um pouquinho sobre o teu passado também, pra poder entender as coisas, né, que levaram à forma como tu está vivendo hoje. A terapia cognitivo- comportamental, ela...
"39551037-7f3b-41d3-95a3-25cd1b6aad92";cb705bf0-8b82-47c0-9b4f-6d596593d4de;ia;(Nervoso) Nunca fiz terapia antes. A gente só fala sobre meu passado ou criação?;2025-07-01 18:20:06.249;;;0;
"8a26cfe6-8b03-4fc1-81ae-42a1cdf6990e";cb705bf0-8b82-47c0-9b4f-6d596593d4de;therapist;[Resposta em áudio];2025-07-01 18:23:38.816;true;A resposta do terapeuta valida a experiência do paciente ao reconhecer a curiosidade e o nervosismo. Promove esperança ao explicar como a TCC pode ajudar a lidar com os desafios atuais e estabelece expectativas adequadas sobre o foco e impacto da TCC. Excelente trabalho!;100;Que bom que tu perguntou sobre isso, né? Imagino que pra quem nunca fez, deve gerar curiosidade e até um certo nervosismo. A gente fala sobre várias coisas, né? A gente vai falar também sobre o teu passado, sobre a tua criação, mas o foco do TCC é os teus problemas de hoje, né? Quais são as dificuldades que estão acontecendo agora? A gente pode entender teus pensamentos, teus sentimentos, teus comportamentos. Claro que a gente vai olhar pro que aconteceu no passado, porque eles podem estar desencadeando o que acontece hoje, mas esse não vai ser o nosso foco. A partir disso, então, a gente vai poder conversar sobre os desafios que tu vem enfrentando e poder, então, desenvolver estratégias através de temas de casa, né? De conversas, pra que a gente possa te instrumentalizar pra lidar com elas de uma forma mais saudável.
"95461ff9-7535-45b6-9707-4cf265e643d6";b9608e87-3ff3-4959-b85f-4f5d0c71cfd8;ia;(Nervoso) Nunca fiz terapia antes. A gente só fala sobre meu passado ou criação?;2025-07-01 19:07:57.362;;;0;
"27c072c3-e3be-4331-b4e7-474298a42ec9";b9608e87-3ff3-4959-b85f-4f5d0c71cfd8;therapist;[Resposta em áudio];2025-07-01 19:08:17.279;false;A resposta não valida a experiência do paciente, não promove esperança quanto ao uso da TCC e não estabelece expectativas adequadas sobre a TCC.;0;Eu não sei o que que eu posso fazer, a gente pode falar do passado, muito do passado, mas a gente vai ver muita coisa do presente também.
"36a1b737-b898-4460-a8b2-ca8e7ac0dee1";cdba779c-4259-42ce-8e80-419b487349e1;ia;(Desdenhoso) Não sei se isso é o certo para mim.;2025-07-01 19:08:42.575;;;0;
ef31e179-9ce2-4119-884b-84047d7ed85c;c59ce4ae-63ba-44a3-85f2-96c3ba185a95;ia;(Impaciente) Quanto tempo vai levar para isso funcionar? Não tenho muito tempo nem dinheiro.;2025-07-01 19:08:53.196;;;0;
d86d8dbd-f93a-4102-85c7-6eee0b6cad2a;"0b9351ba-7478-4678-90fe-7360a436029c";ia;(Nervoso) Nunca fiz terapia antes. A gente só fala sobre meu passado ou criação?;2025-07-02 14:35:02.477;;;0;
"8708e8fc-6a6d-48c4-9bd8-242761370802";"0b9351ba-7478-4678-90fe-7360a436029c";therapist;Teste;2025-07-02 14:35:13.236;false;A resposta não atende aos critérios de validação da experiência do paciente, promoção de esperança e estabelecimento de expectativas sobre a TCC.;0;
"31269d7e-47fb-4e3f-9ef7-28a5a8f537f8";"10a4547e-4695-4211-9733-d1c0a72ae97b";ia;(Nervoso) Nunca fiz terapia antes. A gente só fala sobre meu passado ou criação?;2025-07-02 16:49:02.140;;;0;
b8e24925-655a-4e80-a8b4-68692d4b7d5b;c658d23b-5bed-49e2-83a2-319d22855bb5;ia;(Nervoso) Nunca fiz terapia antes. A gente só fala sobre meu passado ou criação?;2025-07-18 16:42:45.036;;;0;
dfff8892-bab2-4b0c-bfe0-ae6e3be5d82b;"633a88c3-e32e-4b1b-8869-0afd4329a7bb";ia;Paciente (Ansioso): Eu tenho medo de começar e não conseguir melhorar, já tentei outras coisas antes e não funcionaram muito bem.;2025-08-18 18:47:48.721;;;0;
db3fb8e6-f46b-4433-8e8a-855a0352949c;ced89588-4b6c-4ffe-a266-36280e9e531d;ia;Paciente (Esperançoso): Então, com a TCC eu vou me livrar dos meus problemas de vez, certo?;2025-09-02 20:23:17.824;;;0;
d88e5a41-891a-432e-83e7-ee573811bf0a;f0a294a9-e7cd-4ce3-b29e-23895d0b4c3b;ia;Paciente (Idealista e Ansioso por Resultados Rápidos): Quero ser mais confiante, ter controle total das minhas emoções e nunca mais sofrer com rejeição.;2025-09-03 14:33:00.752;;;0;
df7383f4-a7e3-43ae-aaed-c8f157a2767a;"22563ae8-b109-46fa-b40a-fb4354a45292";ia;[desanimado] Passei quase a semana toda deitado. Não tive energia para nada.;2025-09-29 17:48:17.265;;;0;
ca01c1cb-dc42-4e3d-9045-f86210bde970;"2e9be941-216a-4c24-93d8-098002b06754";ia;(Calmo) Eu só queria ser mais feliz;2025-09-30 11:45:17.997;;;0;
"6fbdeddd-0dc6-40bd-8793-361864a71ffb";"2e9be941-216a-4c24-93d8-098002b06754";therapist;um texto qualquer;2025-09-30 11:45:42.220;false;A resposta não atende a nenhum dos critérios esperados. Não há sugestões de metas ou tarefas, nem solicitação de contribuição do cliente. Falta flexibilidade e ênfase em metas concretas. Recomenda-se reformular a resposta para abordar esses aspectos.;0;
"1e290ab3-d0f2-4c3a-8632-ab251dab72cf";"2e9be941-216a-4c24-93d8-098002b06754";therapist;afasdfasfdf;2025-09-30 11:46:52.636;false;A resposta fornecida não atende a nenhum dos critérios esperados. Recomenda-se que o terapeuta elabore uma resposta que explore a definição de felicidade do cliente, sugira metas específicas e mensuráveis, e busque a concordância do cliente. Além disso, a resposta deve ser flexível e adaptada ao caso individual do cliente.;0;
b1af931e-c73d-44fc-b0ca-6772943dde08;"90db66d6-9bb8-4569-8f86-89fc24b7d5c6";ia;(Nervoso) Nunca fiz terapia antes. A gente só fala sobre meu passado ou criação?;2025-09-30 11:51:15.567;;;0;
"84f5078e-5719-46c7-ad27-59eacc7b3d06";"9a6f9a14-dc29-40b1-9304-1c761eb18b80";ia;(Curioso) Como a terapia funciona?;2025-10-01 14:08:17.269;;;0;
"8e91b6bd-e526-40c9-ae02-fb5eadf42d9b";"9a6f9a14-dc29-40b1-9304-1c761eb18b80";therapist;Hhhhhhhh;2025-10-01 14:08:31.790;false;A resposta não atende aos critérios esperados, pois não valida a experiência do paciente, não explica a TCC, nem promove esperança ou estabelece expectativas adequadas.;0;
"7eb83179-052b-4868-8525-23e49c709dca";"4048fa46-647a-4e19-9349-552b24c4831f";ia;(Com medo) Já tive experiências ruins com terapia antes. Meu último terapeuta tentou me fazer falar e visualizar meus traumas do passado. Acabei sendo internado! Como posso saber se posso confiar em você?;2025-10-01 19:49:05.558;;;0;
aa692627-515b-4c67-97f3-7eaeb302ac6b;ae3281e2-2a09-4086-9235-cdf693f29148;ia;Paciente (desamparado): Mesmo quando tento me distrair ou pensar positivo, a tristeza volta mais forte.;2025-10-01 19:49:56.243;;;0;
"13fcffca-868b-4078-9705-d16f899920ef";ae3281e2-2a09-4086-9235-cdf693f29148;therapist;[Resposta em áudio];2025-10-01 19:51:23.631;false;A resposta não valida a experiência do paciente nem explica como a TCC funciona. Também não estabelece expectativas realistas sobre o processo terapêutico.;0;Vamos, então, fazer um plano de como a gente vai colocar alguns comportamentos mais funcionais que vão substituir esse lugar da tristeza para um lugar de mais alegrias na tua vida, procurar uma vida funcional, uma vida que te traga mais prazer, uma vida que te traga mais sentimentos bons, mexer em algumas situações de rotina simples que possam, com a terapia, fazer tu evoluir para que tu não tenhas mais esse sentimento de tristeza tão persistente.
"620631f0-5bf1-4a75-bf06-36c4162129eb";c50239a5-4d92-4108-bcc5-49052fd0df15;ia;(Curioso) Como a terapia funciona?;2025-10-01 19:52:09.134;;;0;
"25ec352a-de2e-4183-b935-abe6756067fb";c50239a5-4d92-4108-bcc5-49052fd0df15;therapist;[Resposta em áudio];2025-10-01 19:52:41.913;false;A resposta não valida a experiência do paciente, nem explica a lógica da TCC de forma clara. Além disso, não promove esperança nem estabelece expectativas adequadas sobre a TCC.;0;A terapia vai funcionar trazendo aqui as demandas que tu tem e a gente vai desenvolver comportamentos e ferramentas pra superar as situações que tu não tem te sentido bem.
"377a6e2d-16e2-4bd4-9afd-7a15bbc0dddd";c50239a5-4d92-4108-bcc5-49052fd0df15;therapist;[Resposta em áudio];2025-10-01 19:53:12.725;false;A resposta não atende aos critérios de avaliação, pois não valida a experiência do paciente, não explica a lógica da TCC, não promove esperança e não estabelece expectativas adequadas sobre a TCC.;0;Como seria a resposta adequada?
"6c7dbef8-6680-43fc-8dff-32383ebd06ca";"48beb2e9-8345-4b3e-a02f-9cebd059acf5";ia;(Curioso) Esse tipo de abordagem ajuda pessoas como eu?;2025-10-01 20:12:36.913;;;0;
b16e311d-8822-43c8-b935-bcabf63039ed;d6477664-85e7-42e8-86a5-8c0a67aaef42;ia;Paciente (Esperançoso): Então, com a TCC eu vou me livrar dos meus problemas de vez, certo?;2025-10-02 00:00:46.019;;;0;
"56012469-91e7-4e8e-9cb8-dbdf599d755a";d62b1f0c-5023-4c34-b608-6d0261dbca08;ia;Paciente (Esperançoso): Então, com a TCC eu vou me livrar dos meus problemas de vez, certo?;2025-10-02 01:34:31.912;;;0;
"09985c8d-fbb1-422f-9e02-ba381ad31efa";db6f62b7-0469-4dac-b4f8-8d201f3693e0;ia;Paciente (Esperançoso): Então, com a TCC eu vou me livrar dos meus problemas de vez, certo?;2025-10-03 16:48:06.147;;;0;
feea99e2-3903-4c20-a573-aa87a0c0146e;db6f62b7-0469-4dac-b4f8-8d201f3693e0;therapist;[Resposta em áudio];2025-10-03 16:49:08.741;true;A resposta do terapeuta valida a experiência do paciente e explica brevemente como a TCC funciona, promovendo esperança e estabelecendo expectativas adequadas sobre a natureza e o impacto da TCC.;100;Eu entendo que quando a gente vem pra terapia, essa seja uma das nossas expectativas. No entanto, ela não faz os problemas sumirem, né? Com a TCC a gente vai aprender a identificá-los, da onde que eles vêm, e quais as estratégias, né, tanto cognitiva quanto comportamentais, que a gente pode usar para aprender a lidar com os nossos problemas de uma forma mais saudável, né? E eu penso que ela vai poder lhe ajudar a identificar seus problemas, encontrar estratégias e lidar com eles de uma forma mais saudável.
"9157d1fd-8684-4223-a5d3-340768501542";"2bafb1c3-d0ca-4c1c-b532-5b0fa9efb76b";ia;Paciente (Desanimado): Eu já convivo com esses problemas há anos... não sei se algo pode realmente me ajudar.;2025-10-08 17:48:48.561;;;0;
d87af255-d5b8-419c-9893-518c85150e19;debc95e3-b5f3-45fc-9fb0-1cca55643c03;therapist;[Resposta em áudio];2025-10-31 13:14:17.009;false;A resposta do terapeuta não atendeu aos critérios esperados. Não houve estímulo à reflexão do cliente sobre pensamentos e crenças, nem uma postura aberta e exploratória. A resposta também não direcionou a atenção para os pensamentos e suas conexões com experiências, nem enfatizou a flexibilidade cognitiva. Recomenda-se reformular a resposta para incluir perguntas que estimulem a reflexão do cliente e explorem as conexões entre pensamentos, emoções e experiências.;0;Me parece que… Ai, que coisa.
"77a6e8d1-c0f3-4e30-bf36-a510e1635ec3";"2bafb1c3-d0ca-4c1c-b532-5b0fa9efb76b";therapist;[Resposta em áudio];2025-10-08 17:49:53.868;false;A resposta valida a experiência do paciente e promove esperança quanto ao uso da TCC. No entanto, falta uma explicação breve sobre como a TCC funciona e o estabelecimento de expectativas adequadas sobre a natureza e o impacto do tratamento.;75;Eu entendo como pode ser desanimador tentar e não conseguir ter os resultados esperados, mas eu também acredito que a TCC é uma abordagem que é baseada em evidências e que ela tem muitos resultados de sucesso para diferentes tipos de pessoas e diferentes situações. Então, ela é uma abordagem que demonstra ter sucesso em casos muito parecidos com o teu. Então, eu acredito que a gente adequando as suas necessidades, fazendo de acordo com aquilo que fizer mais sentido para ti, a gente tem a possibilidade sim de ter ótimos resultados nesse processo.
"6761fd0c-c63d-4525-80a0-3f4163a6533e";"2bafb1c3-d0ca-4c1c-b532-5b0fa9efb76b";therapist;[Resposta em áudio];2025-10-08 17:51:47.534;false;A resposta do terapeuta valida a experiência do paciente e promove esperança quanto à TCC. No entanto, poderia explicar mais claramente como a TCC funciona e estabelecer expectativas adequadas sobre o processo terapêutico. Considere incluir mais detalhes sobre a abordagem prática e gradual da TCC.;75;Eu sinto muito que você se sinta dessa forma, eu entendo que conviver com algo durante muitos anos pode dar essa sensação de que não tem solução, mas eu acho que também é importante a gente considerar os aspectos desse tipo de terapia específica. A TCC é uma terapia reconhecida pelas suas evidências científicas de sucesso. Então, de acordo com as coisas que está me trazendo, eu acredito sim que a gente possa ter bons resultados dando tempo da terapia agir, adequando as suas necessidades. Ela é uma terapia focada em eficácia, em rapidez. Então, acredito que a gente pode sim ter bons resultados com essa terapia, que ela pode realmente te ajudar.
"7eb247fb-0c9a-474b-8709-917cb2c96ab7";"2bafb1c3-d0ca-4c1c-b532-5b0fa9efb76b";therapist;[Resposta em áudio];2025-10-08 17:53:09.641;false;A resposta do terapeuta valida a experiência do paciente e promove esperança quanto ao uso da TCC. No entanto, a explicação sobre como a TCC funciona poderia ser mais clara e específica, e as expectativas sobre a natureza e o impacto da TCC não foram completamente estabelecidas. Ajustes nesses pontos poderiam melhorar a adequação da resposta.;75;Eu sinto muito que você se sinta dessa forma. Eu entendo que quando a gente convive com algo há muito tempo, é difícil a gente ter esperanças de que as coisas podem mudar. No entanto, a TCC ela é uma abordagem reconhecida por a sua eficácia no processo de tratamento. Ela tem etapas bem definidas, em que vai ser trabalhado tanto as emoções, quanto as cognições, quanto os sentimentos. E a gente vai indo cada coisa de cada vez, né? Então, eu acredito que aos poucos, seguindo os protocolos, seguindo os exercícios que a TCC traz, é muito possível a gente ter sucesso nos mesmos problemas que você vem me relatando.
"00904d41-88ed-4957-8bc1-279358027a33";"2bafb1c3-d0ca-4c1c-b532-5b0fa9efb76b";therapist;[Resposta em áudio];2025-10-08 17:55:55.289;false;A resposta valida a experiência do paciente e explica brevemente como a TCC funciona, promovendo esperança quanto ao seu uso. No entanto, falta estabelecer expectativas adequadas sobre a natureza e o impacto da TCC, como a menção de que não é uma mudança instantânea.;75;Eu entendo como é difícil ter que lidar com algumas questões ao longo dos anos e não conseguir ver uma perspectiva de melhora. No entanto, a terapia cognitivo-comportamental, ela é uma terapia que é baseada em dados científicos, em evidências científicas de tratamento para determinadas situações. Ela é uma terapia que é focada em processos, então a gente tem etapas a serem cumpridas, atividades a serem feitas, a gente vai entender os nossos pensamentos, comportamentos, sentimentos. E de acordo com o que você vem me trazendo, eu acredito fortemente que ela pode lhe ajudar. Claro que a gente não tem como ter garantias, mas a partir dos dados e evidências científicas que a gente tem, de estudos de casos muito semelhantes aos seus, eu acredito sim que aos poucos você vai poder reconhecer e perceber as melhoras nos seus problemas.
a99cb078-3b71-4253-82f8-353ccadede92;"2bafb1c3-d0ca-4c1c-b532-5b0fa9efb76b";therapist;[Resposta em áudio];2025-10-08 17:56:30.651;false;A resposta fornecida não atende aos critérios esperados. Ela não valida a experiência do paciente, não explica como a TCC funciona, não promove esperança sobre a eficácia da TCC, nem estabelece expectativas adequadas sobre o processo terapêutico.;0;Sabendo que é muito difícil...
ecba00e4-d969-4cf3-ba35-5e25dd462797;"2bafb1c3-d0ca-4c1c-b532-5b0fa9efb76b";therapist;[Resposta em áudio];2025-10-09 13:05:48.062;false;A resposta do terapeuta valida parcialmente a experiência do paciente e explica brevemente a TCC. No entanto, poderia ser mais específica ao oferecer esperança e estabelecer expectativas claras sobre o impacto e o processo gradual da TCC. Considere incluir mais detalhes sobre o progresso passo a passo e as conquistas ao longo do caminho.;75;Eu entendo como pode ser desanimador quando a gente tá passando muito tempo lidando com alguns problemas, mas eu realmente acredito que a terapia cognitivo-comportamental pode te ajudar. A terapia cognitivo-comportamental é uma terapia baseada em evidências científicas. Então ela usa o processo da cognição, do comportamento, das emoções, pra poder resolver problemas muito específicos dentro de um protocolo, dentro de seções específicas e dentro de um período de tempo. Não existe garantia de que vai ser amanhã que seus problemas vão ser resolvidos. É necessário entender o processo, esperar um tempo, mas eu fico confiante de que eles realmente possam ter sucesso nesse processo terapêutico.
"2fe4617c-3c86-42d5-b45d-08b1f8433a85";"2bafb1c3-d0ca-4c1c-b532-5b0fa9efb76b";therapist;[Resposta em áudio];2025-10-09 13:07:20.938;true;A resposta do terapeuta atende a todos os critérios esperados. Valida a experiência do paciente, explica brevemente como a TCC funciona, promove esperança quanto ao uso eficaz da TCC e estabelece expectativas adequadas sobre a natureza e o impacto da TCC. Excelente trabalho!;100;Compreendo o seu desânimo. Carregar isso por tanto tempo realmente deve ser cansativo. A TTC pode ser útil porque foca em estratégias práticas para lidar com as dificuldades do dia-a-dia e oferece maneiras de enxergar as situações de um outro ângulo. Não é uma mudança instantânea, mas muitos pacientes percebem avanços importantes ao longo do processo. Podemos trabalhar passo a passo e cada pequena conquista já é um movimento na direção da melhora.
"1a885849-eded-4896-b45c-4927d6889747";"61dc8838-e587-47fe-84c8-dee1f16dd49c";ia; [insegura] Eu sempre penso que vou acabar falhando em tudo que tento.;2025-10-09 13:08:51.869;;;0;
"9d15e62f-3683-4ee5-b4de-626e90cc4992";"28b5b1f5-4db9-45f9-99e0-387b275dc41a";ia; [insegura] Eu sempre penso que vou acabar falhando em tudo que tento.;2025-10-09 13:10:06.560;;;0;
"8fef6304-be1e-43ce-a0f2-c9a1b3f885d4";"5b26e361-75ef-432e-a5ac-77fb666ab11f";ia;[Envergonhada] Odeio ser tão emotiva. Outras pessoas parecem lidar melhor com as coisas.;2025-10-31 13:51:57.924;;;0;
a52b8376-ac25-4bce-bcc9-fe0fa80f8044;"28b5b1f5-4db9-45f9-99e0-387b275dc41a";therapist;[Resposta em áudio];2025-10-09 13:11:10.839;false;A resposta do terapeuta não atende integralmente aos critérios esperados. Embora a resposta estimule a reflexão sobre pensamentos e crenças, ela não explora diretamente a origem dos pensamentos do cliente, conforme solicitado. Além disso, a resposta não direciona suficientemente a atenção para as conexões entre pensamentos e experiências passadas. É necessário enfatizar mais a flexibilidade cognitiva sem julgar pensamentos como certos ou errados. Para melhorar, o terapeuta deve explorar mais a origem dos pensamentos e incentivar o cliente a refletir sobre situações passadas com resultados diferentes do esperado.;0;Me parece que esse pensamento, ele é muito duro contigo mesma, né? Tu consegue me dar um exemplo de alguma situação em que tu tentou algo e que tu não falhou? Por exemplo, preparar o café da manhã hoje, não sei, vamos pensar juntas em algumas experiências? Porque é difícil acreditar que você chegou até esse momento da vida sem ter tido nenhum momento em que você conseguiu concluir alguma atividade com sucesso. Esse tipo de crença parece ser bastante duro e injusto contigo mesma, né? Vamos tentar pensar juntas algumas outras alternativas para esse tipo de pensamento? O que você acha?
bde7c477-a521-4ffb-b9b4-e8959696ece5;"28b5b1f5-4db9-45f9-99e0-387b275dc41a";therapist;[Resposta em áudio];2025-10-09 13:13:44.974;true;A resposta do terapeuta atende plenamente aos critérios esperados. Estimula a reflexão do cliente sobre seus pensamentos e crenças, mantém uma postura aberta e exploratória, direciona a atenção para os pensamentos e suas conexões com experiências, e enfatiza a flexibilidade cognitiva sem julgar os pensamentos. Excelente trabalho!;100;Esse pensamento parece ser muito presente pra você. Será que podemos explorar juntos de onde ele vem? Por exemplo, você consegue se lembrar de alguma situação que tentou algo e não foi exatamente como imaginava? E talvez também de uma situação em que, mesmo com receio, conseguiu ter um resultado melhor do que você esperava? Quando esse pensamento surge, quais situações específicas vêm à sua mente? Você consegue se lembrar de alguma ocasião em que o resultado foi diferente do esperado?
f9523f8e-9f0b-401b-a552-47bc1852cc8b;"645428d5-dfb3-4b2b-88b4-dee478304fd9";ia; [insegura] Eu sempre penso que vou acabar falhando em tudo que tento.;2025-10-09 13:15:12.169;;;0;
"32e75ca0-72a7-44d3-a579-f8361f9d804d";"645428d5-dfb3-4b2b-88b4-dee478304fd9";therapist;[Resposta em áudio];2025-10-09 13:16:36.764;true;A resposta do terapeuta atende integralmente aos critérios esperados. Estimula a reflexão do cliente sobre pensamentos e crenças, mantém uma postura aberta e exploratória, direciona a atenção para os pensamentos e suas conexões com experiências, e enfatiza a flexibilidade cognitiva sem julgar os pensamentos. Excelente trabalho!;100;Deixa eu te entender um pouquinho mais como que esse pensamento aparece. Quando ele vem, você consegue perceber ou tentar reconhecer qual é a origem desse pensamento? Vamos tentar pensar juntos. Existe alguma situação que você consegue se lembrar de experiência prática em que mesmo você pensando que acabaria falhando, você teve um resultado diferente? Existe alguma situação em que você conseguiu fazer, mesmo achando que ia falhar? Você consegue lembrar dessas situações? Acho que é importante a gente poder pensar juntos em algumas alternativas a esse tipo de pensamento, em que a gente possa avaliar com mais fatos e dados qual é a realidade sobre tentar e falhar ou tentar e conseguir. O que você acha?
"2f652c90-fa03-4926-81cd-3272d0cc6dfc";"2488f075-4ca6-4e0c-915d-b228104aa414";ia;Paciente (Esperançoso): Então, com a TCC eu vou me livrar dos meus problemas de vez, certo?;2025-10-09 13:26:46.531;;;0;
d0697a60-5bbf-4e01-b155-afd406139518;"50b28650-09d2-4d7c-8e10-3771c6115f12";ia;Paciente (Esperançoso): Então, com a TCC eu vou me livrar dos meus problemas de vez, certo?;2025-10-27 23:37:04.135;;;0;
"728c073e-128d-44fb-969a-b9435d761baf";"50b28650-09d2-4d7c-8e10-3771c6115f12";therapist;nao sei o que falar;2025-10-27 23:37:17.607;false;A resposta não atende aos critérios esperados. É importante validar a experiência do paciente, explicar brevemente a TCC, promover esperança e estabelecer expectativas adequadas sobre a TCC.;0;
"4407ba11-c3bf-491d-8f3d-8e9dcd539d53";fc66de8c-688c-4c64-b5ac-8f924db42467;ia;Paciente (Esperançoso): Então, com a TCC eu vou me livrar dos meus problemas de vez, certo?;2025-10-27 23:38:06.779;;;0;
"455f26b3-fbed-4b0e-b6ec-1d5c7045b340";fc66de8c-688c-4c64-b5ac-8f924db42467;therapist;nao sei o que falar;2025-10-27 23:38:18.810;false;A resposta não atende aos critérios esperados. É importante validar a experiência do paciente, explicar brevemente como a TCC funciona, promover esperança e estabelecer expectativas adequadas sobre a TCC.;0;
"261227ad-cc31-4ebc-a7dc-13d08fcf5118";"3321e4ce-f411-4b2a-8592-b6516e4930f8";ia;(Curioso) Nossa. Nem sei por onde começar a imaginar minha felicidade.;2025-10-27 23:38:50.858;;;0;
"67974db4-2974-4d3d-8fff-5d52c202ade4";"3321e4ce-f411-4b2a-8592-b6516e4930f8";therapist;afdsf asdfasdf asdfas df;2025-10-27 23:38:59.954;false;A resposta do terapeuta não atendeu a nenhum dos critérios esperados. Recomenda-se que o terapeuta ofereça uma validação empática, proponha a simplificação de metas e incentive a definição de objetivos mensuráveis.;0;
"01983773-2ac1-4944-ba31-122529854422";"141e7b73-393d-4e41-bed2-4e0b94d0a761";ia;Paciente (Esperançoso): Então, com a TCC eu vou me livrar dos meus problemas de vez, certo?;2025-10-27 23:46:40.735;;;0;
a9bf0448-3866-40cc-b6b1-22c3b85a2297;"141e7b73-393d-4e41-bed2-4e0b94d0a761";therapist;asfsdf;2025-10-27 23:46:46.931;false;A resposta não atende a nenhum dos critérios esperados. Recomenda-se validar a experiência do paciente, explicar brevemente o funcionamento da TCC, promover esperança e estabelecer expectativas adequadas sobre a TCC.;0;
d6e169e6-b0d7-413d-a643-b9bea0576899;f14b9e5a-4184-461b-97d8-4b2b79b582fa;ia;Paciente (Esperançoso): Então, com a TCC eu vou me livrar dos meus problemas de vez, certo?;2025-10-28 20:08:54.559;;;0;
b1eb5dc0-7345-4cd3-9de7-b0e3e54d41a8;f14b9e5a-4184-461b-97d8-4b2b79b582fa;therapist;nao...vai te tratar melhor com outra pessoa;2025-10-28 20:09:23.062;false;A resposta não atendeu aos critérios esperados. É importante validar a experiência do paciente, explicar como a TCC funciona, promover esperança e estabelecer expectativas adequadas. Considere reformular a resposta para incluir esses elementos.;0;
"8496044f-1a86-4804-9434-5b201b57adc5";c76791b8-f431-4260-a1a3-81f6a1b56281;ia;[ansiosa] Antes de sair de casa, sempre penso que algo ruim vai acontecer.;2025-10-31 13:12:32.272;;;0;
"5f5a766b-18c0-4cbc-ad16-a4eb71beab2a";debc95e3-b5f3-45fc-9fb0-1cca55643c03;ia;[ansiosa] Antes de sair de casa, sempre penso que algo ruim vai acontecer.;2025-10-31 13:13:52.562;;;0;
"7e055805-23b8-4e74-8abd-ac2fae1bbf3b";debc95e3-b5f3-45fc-9fb0-1cca55643c03;therapist;[Resposta em áudio];2025-10-31 13:16:20.852;false;A resposta do terapeuta não atende integralmente aos critérios esperados. Embora estimule a reflexão sobre pensamentos e crenças, falta uma exploração mais direta das conexões entre pensamentos, emoções e reações físicas, conforme esperado. A postura é exploratória, mas poderia ser mais aberta ao direcionar a atenção para a experiência corporal e emocional. A flexibilidade cognitiva é abordada, mas sem a ênfase necessária. Para melhorar, o terapeuta poderia incluir perguntas sobre as reações físicas e emocionais e reforçar a exploração sem julgamento. A adequação é de 60%.;0;Me parece que deve ser muito difícil ter essa sensação toda vez que você sai de casa, mas fiquei pensando assim, você consegue perceber se realmente acontece alguma coisa ruim quando você sai de casa? Esse tipo de pensamento, você identifica quando que ele iniciou, tem algum momento em que você consegue lembrar que acabou lhe motivando a pensar dessa forma? Acho que a gente pode pensar juntos o quanto um pensamento realmente se concretiza, né? E tentar avaliar algumas vezes em que você realmente pensou isso e quando terminou o dia nada tinha acontecido de errado. Você consegue lembrar de alguma situação assim?
af2ce597-2516-45e9-b7fa-f115c598f2cb;debc95e3-b5f3-45fc-9fb0-1cca55643c03;therapist;[Resposta em áudio];2025-10-31 13:18:32.243;false;A resposta do terapeuta não atende integralmente aos critérios esperados. Embora estimule a reflexão e mantenha uma postura exploratória, não aborda a flexibilidade cognitiva ou a possibilidade de eventos positivos. Recomenda-se incluir perguntas que incentivem o cliente a considerar diferentes resultados possíveis para aumentar a flexibilidade cognitiva.;0;Entendo, esse pensamento deve trazer bastante tensão, né? Mas se pararmos para observar, quando esse tipo de ideia surge, o que você nota que acontece no seu corpo ou no seu humor? Às vezes, explorar essas conexões entre pensamento, emoção e reação pode nos ajudar a compreender melhor a força dessa experiência.
"3d1bf1e0-ff66-4196-b651-11e3c73ab37a";debc95e3-b5f3-45fc-9fb0-1cca55643c03;therapist;[Resposta em áudio];2025-10-31 13:20:17.289;true;A resposta do terapeuta atende integralmente aos critérios esperados. Ela estimula a reflexão do cliente sobre seus pensamentos e crenças, mantém uma postura aberta e exploratória, direciona a atenção para os pensamentos e suas conexões com experiências, e enfatiza a flexibilidade cognitiva sem julgar os pensamentos. Excelente trabalho!;100;Entendo, esse pensamento deve trazer bastante tensão. Se pararmos para observar, quando esse tipo de ideia surge, o que você nota que acontece no seu corpo ou no seu humor? Às vezes, explorar essa conexão entre o pensamento, a emoção e a reação pode nos ajudar a compreender melhor a força dessa experiência. O que você percebe nas suas emoções quando esse pensamento aparece? Já houve, por exemplo, momentos em que sair de casa aconteceu sem que algo ruim acontecesse? Você percebe alguma conexão entre a sua história de vida, situações que aconteceram que hoje lhe fazem ter essa sensação de que se você sair de casa alguma coisa ruim vai acontecer?
c08188ba-6c4b-4fc1-b619-e92104c79b65;"41a8e39a-721f-4679-86ad-e95f777779c0";ia;[envergonhado] Eu tinha prometido que ia ao mercado cozinhar algo saudável essa semana, mas acabei pedindo comida pronta de novo. No fundo, senti até alívio por não ter tentado.;2025-10-31 13:23:51.327;;;0;
"058eaba9-e199-4e44-b5ad-10ae66dbb8bb";"41a8e39a-721f-4679-86ad-e95f777779c0";therapist;[Resposta em áudio];2025-10-31 13:25:15.733;false;A resposta do terapeuta atende a maioria dos critérios, mas não todos. A postura é colaborativa e curiosa, e há clareza no plano de ação e expectativas. No entanto, falta a valorização explícita de avanços, grandes ou pequenos, e o uso de conceitos centrais como condicionamento, reforço, ambiente, antecedentes e consequências. Para melhorar, o terapeuta pode mencionar como pequenos passos são reforçadores positivos e discutir como o ambiente e as consequências influenciam o comportamento.;75;Entendo, o alívio mostra que nesse momento evitar parecia mais confortável do que enfrentar a tarefa, né? O que você acha de começarmos menor? Talvez apenas escrever uma lista de compras ou ir até o mercado sem o compromisso de cozinhar. Assim você já cria a associação com a nova rotina, sem tanta pressão.
f9aeaad8-3788-4cd0-9d91-bb26bc07bec5;"41a8e39a-721f-4679-86ad-e95f777779c0";therapist;[Resposta em áudio];2025-10-31 13:26:56.454;false;A resposta do terapeuta atende à maioria dos critérios esperados, mas não todos. A postura é colaborativa e curiosa, e há clareza no plano de ação e expectativas. O terapeuta valoriza avanços pequenos, mas a resposta poderia ser mais explícita no uso de conceitos centrais, como condicionamento, reforço, ambiente, antecedentes e consequências. Para melhorar, o terapeuta deve integrar mais explicitamente esses conceitos na resposta.;75;Entendo. O Alívio mostra que nesse momento, evitar parecia mais confortável do que enfrentar a tarefa, né? O que você acha da gente começar menor? Talvez apenas escrever uma lista de compras ou ir até o mercado sem o compromisso de cozinhar. Assim, você já cria uma associação com a nova rotina sem tanta pressão. Esses pequenos passos já podem ser reforçadores positivos que você vai manter fazendo esse comportamento. A cada conquista, pequena conquista que você tiver, vai tornando mais fácil manter esse tipo de comportamento. É importante também que a gente possa pensar o que que no ambiente, o que que estava acontecendo no momento, que tornou tão difícil concluir essa ideia inicial que você tinha. Acho que se a gente poder olhar algumas coisas nesse sentido, também podemos tornar mais fácil o processo para você.
"9eca5137-fce3-4a55-9be1-c857222adaf5";"08a72ab3-6c6e-4843-9faa-d7673ec2d54b";ia;[frustrado] Não sei por que perco a paciência tão rápido com meus filhos. Quando vejo, já gritei.;2025-10-31 13:28:44.466;;;0;
b77beec3-980e-4c0d-be2a-13228512be39;"67d7edb1-d47c-49b0-85ff-ec8a7a0d7fc1";ia;[frustrado] Não sei por que perco a paciência tão rápido com meus filhos. Quando vejo, já gritei.;2025-10-31 13:34:38.672;;;0;
"9fe01bde-78e9-4f28-8a0a-aaf1b2d901e3";"67d7edb1-d47c-49b0-85ff-ec8a7a0d7fc1";therapist;[Resposta em áudio];2025-10-31 13:35:31.921;false;A resposta do terapeuta atende bem aos critérios de postura colaborativa e curiosa, clareza no plano de ação e uso de conceitos centrais. No entanto, falta a valorização de avanços grandes e pequenos. Para melhorar, o terapeuta poderia reconhecer e valorizar o esforço do paciente em identificar gatilhos, reforçando a importância desse passo no processo terapêutico.;75;Entendo. Isso sugere que há antecedentes que disparam o comportamento antes que você chegue a perceber. Podemos observar isso juntos. Em quais situações isso mais acontece? Mapear esses gatilhos é o primeiro passo pra gente poder pensar em respostas alternativas quando essa situação acontecer.
b9a5620e-ded0-4602-b655-34e0d28fb160;"67d7edb1-d47c-49b0-85ff-ec8a7a0d7fc1";therapist;[Resposta em áudio];2025-10-31 13:36:43.372;false;A resposta do terapeuta atende parcialmente aos critérios esperados. A postura é colaborativa e curiosa, e há valorização de avanços, mostrando que o cliente já percebe o problema. No entanto, a clareza no plano de ação e expectativas pode ser melhorada, sendo mais específico sobre os passos a seguir. Além disso, o uso de conceitos centrais como condicionamento e reforço não está presente. Para melhorar, o terapeuta pode integrar mais explicitamente esses conceitos e detalhar o plano de ação.;75;Entendo. Isso sugere que há antecedentes que disparam o comportamento antes que você chegue a perceber. Nós podemos observar isso juntos. Em quais situações isso acontece? Mapear esses gatilhos é o primeiro passo pra gente poder pensar em respostas alternativas quando essa situação acontecer. E ache que um passo anterior ainda que já está acontecendo é que você está percebendo que isso é um problema e que você não quer agir dessa forma. Então, isso lhe ajuda a tentar ficar mais atento pra mapear esses gatilhos e evitar que esse comportamento aconteça novamente. O que você acha?
b7c21881-38f1-4bb8-aca3-02501b13719d;"67d7edb1-d47c-49b0-85ff-ec8a7a0d7fc1";therapist;[Resposta em áudio];2025-10-31 13:38:47.470;false;A resposta do terapeuta atende a maioria dos critérios esperados. Há uma postura colaborativa e curiosa, e o terapeuta menciona a importância de mapear os gatilhos e observar os antecedentes, o que está alinhado com o uso de conceitos centrais da TCC. No entanto, a clareza no plano de ação e expectativas poderia ser mais explícita, especialmente em relação ao que o paciente deve fazer entre as sessões. Além disso, a valorização de avanços, grandes ou pequenos, não foi explicitamente mencionada. Para melhorar, o terapeuta pode destacar mais claramente o plano de ação e reconhecer os esforços do paciente, incentivando-o a continuar atento aos avanços, por menores que sejam.;75;Me parece que isso é algo que te traz sofrimento e que você está atenta. Ah, então acho que esse é o primeiro passo, mas o que você está me falando sugere que há antecedentes que acabam disparando comportamento antes que você chegue a perceber. E é isso que nós precisamos observar juntos. Em quais situações isso mais acontece? É importante que você possa ficar atenta pra gente poder mapear quais são esses gatilhos e a partir disso poder pensar em respostas alternativas quando essa situação acontecer. Esse vai ser o caminho pra gente evitar que isso aconteça dessa forma impulsiva e inconsciente de sempre. Vamos olhar pros antecedentes, o que está acontecendo antes de que esse impulso de gritar aconteça? Acho que esse é o primeiro passo e o mais importante, que você possa estar atenta daqui pra frente, o que aconteceu anteriormente a essas situações, poder registrar isso e trazer pra que a gente possa trabalhar juntos aqui em sessão. O que você acha?
"6c3f9bd0-d9ce-4f9a-afc3-696c2597a576";"285436a6-af24-4e7a-b946-2bdee6552c70";ia;[frustrado] Não sei por que perco a paciência tão rápido com meus filhos. Quando vejo, já gritei.;2025-10-31 13:39:54.883;;;0;
df27a138-5d71-4155-b545-520febfedd52;"285436a6-af24-4e7a-b946-2bdee6552c70";therapist;[Resposta em áudio];2025-10-31 13:41:33.526;true;A resposta do terapeuta atende integralmente aos critérios esperados. A postura é colaborativa e curiosa, incentivando o paciente a observar e mapear situações junto com o terapeuta. Há clareza no plano de ação e expectativas ao sugerir que o paciente anote os gatilhos, e o terapeuta valoriza o avanço do paciente ao reconhecer a percepção do comportamento indesejado. Conceitos centrais como antecedentes e gatilhos são utilizados adequadamente. Excelente trabalho!;100;Entendo. Esse tipo de situação sugere que há antecedentes que disparam um comportamento antes que você mesmo possa perceber. Por isso é importante que daqui pra frente nós possamos observar isso juntos. Em que situações isso mais acontece? Os próximos passos é mapear quais as situações que isso acontece e o que estava acontecendo anteriormente. Quais os gatilhos que levaram a esse tipo de comportamento? Então a sua tarefa entre sessões será poder anotar isso. Perceber cada vez que isso acontece o que estava acontecendo anteriormente para que a gente possa mapear esses gatilhos juntos. Mas acho que o primeiro passo você já está dando, que é perceber que esse é um comportamento que você não quer manter. Que tem alguma coisa aí que não está bem. E assim que a gente conseguir perceber qual é essa coisa, quais são esses gatilhos que estão levando a esse comportamento, nós vamos poder desenvolver estratégias juntos para dar uma resposta melhor a esses gatilhos de uma forma mais saudável. O que você acha?
"081d190a-33e5-41f9-bff6-190496b5eb9e";b321e8bc-35cd-460f-8e11-fa9e9a854f26;ia;[Envergonhado] Eu sei que é bobo, mas fico com vergonha até de chorar na sua frente.;2025-10-31 13:42:36.646;;;0;
"0161292d-ee62-4166-ae46-776cd8378c84";b321e8bc-35cd-460f-8e11-fa9e9a854f26;therapist;[Resposta em áudio];2025-10-31 13:44:00.500;false;A resposta do terapeuta não atendeu integralmente aos critérios esperados. Faltou uma abordagem mais direta sobre a importância de vivenciar as emoções e as consequências do reforço negativo. Considere incluir psicoeducação para reforçar esses aspectos.;0;Não parece bobo pra mim. A vergonha é uma emoção que tenta nos proteger da exposição. Podemos tentar entender o que essa emoção está tentando comunicar agora? O que você acha?
"6ae9c138-d776-440a-9267-8211374a36ec";b321e8bc-35cd-460f-8e11-fa9e9a854f26;therapist;[Resposta em áudio];2025-10-31 13:47:50.474;false;A resposta do terapeuta não atende integralmente aos critérios esperados. Embora haja uma tentativa de psicoeducação e modelagem de tolerância ao afeto, a resposta falha em questionar com empatia e não mantém um tom de apoio consistente. Além disso, a repetição de 'Não. Não. Não.' é inadequada e não contribui para a experiência emocional do cliente. Recomenda-se reformular a resposta para incluir questionamentos empáticos e um tom mais acolhedor.;0;Ouço que você se sente envergonhado e muita gente se sente assim, mas chorar é uma resposta humana e muitas vezes sinaliza que algo importante está sendo tocado. Evitar chorar pode aliviar no momento, mas acaba reforçando a ideia de que a emoção é perigosa. Você toparia ficar com a sensação por um pouco enquanto a gente anota o que muda? Não. Não. Não. 
"83e59abc-4252-4263-938f-cd28b11db914";b321e8bc-35cd-460f-8e11-fa9e9a854f26;therapist;[Resposta em áudio];2025-10-31 13:49:12.400;true;A resposta do terapeuta atende integralmente aos critérios esperados. O terapeuta valida a emoção do cliente, questiona com empatia, ouve ativamente, modela a tolerância ao afeto e utiliza psicoeducação para reforçar a importância de vivenciar as emoções. Excelente trabalho!;100;Não parece bobo pra mim, a vergonha é uma emoção que geralmente tenta nos proteger da exposição. E muita gente se sente assim em relação a chorar, mas chorar é uma resposta humana e muitas vezes sinaliza que algo importante está sendo tocado. Evitar chorar pode aliviar no momento, mas acaba reforçando a ideia de que a emoção é perigosa. Se você tentar entender o que essa emoção está tentando comunicar agora, você toparia ficar com a sensação por um pouco de tempo enquanto a gente anota o que muda, o que acha.
"25f5c0e0-ab73-4f26-b51e-7ab81963f4a6";"5b26e361-75ef-432e-a5ac-77fb666ab11f";therapist;[Resposta em áudio];2025-10-31 13:53:23.500;true;A resposta do terapeuta atende integralmente aos critérios esperados. O terapeuta questiona com empatia sobre a experiência emocional do cliente, mantém um tom de apoio, modela a tolerância ao afeto e utiliza psicoeducação para reforçar a importância de vivenciar emoções. Excelente abordagem.;100;Eu percebo que sentir todas essas emoções parece ser um motivo de vergonha pra você, mas a verdade é que muita gente se sente assim. Sentir emoções é uma resposta humana e elas muitas vezes sinalizam que algo importante está sendo tocado. Então evitar sentir pode parecer que alivia no momento, mas na verdade só reforça a ideia de que a emoção é pericosa. Você toparia poder sentir essas coisas por um momento, ficar com essa emoção enquanto a gente vai aqui juntos percebendo o que vai mudando em você à medida que o tempo vai passando junto com essa emoção?
e410ed62-cdd8-45fa-a39c-1a7878250fae;b8b595cd-d5c4-4aa7-87d1-94e7167aa780;ia;(Calmo) Eu só queria ser mais feliz;2025-12-07 13:34:22.491;;;0;
ce4edcc1-4555-4041-8857-9356edd4b2b8;b8b595cd-d5c4-4aa7-87d1-94e7167aa780;therapist;Vai pescar;2025-12-07 13:34:41.638;false;A resposta do terapeuta não atende a nenhum dos critérios esperados. Não sugere metas ou tarefas consistentes com a TCC, não solicita a contribuição do cliente, não demonstra flexibilidade e não enfatiza metas concretas. Recomenda-se reformular a resposta para incluir perguntas que ajudem a decompor a meta de ser mais feliz em ações concretas e mensuráveis, além de buscar a concordância do cliente.;0;
fe4a12bc-d477-4e9c-88ca-ba171097be38;b8b595cd-d5c4-4aa7-87d1-94e7167aa780;therapist;[Resposta em áudio];2025-12-07 13:35:44.053;false;A resposta do terapeuta não atende aos critérios esperados. Não há decomposição da meta em algo concreto, nem solicitação de contribuição do cliente. A sugestão de hobby não é individualizada ou mensurável. Recomenda-se explorar o conceito de felicidade do cliente e estabelecer metas concretas e acionáveis.;0;Eu acredito que você deva procurar algum hobby que goste e focar nesse hobby, isso pode te ajudar.
fe29ce54-641f-4cb3-b092-d83eaae85dc9;"4a0ef49f-a806-4d62-9c09-230484ba3c90";ia;Paciente (Esperançoso): Então, com a TCC eu vou me livrar dos meus problemas de vez, certo?;2026-01-06 23:33:49.923;;;0;
"3d41ede8-de9f-411d-903f-acb4a41ca05c";"4da0641d-a4d6-40fe-85b2-2fc4d414b43b";ia;Paciente (Esperançoso): Então, com a TCC eu vou me livrar dos meus problemas de vez, certo?;2026-02-25 12:15:53.114;;;0;
"11144475-d108-43b6-8c00-aec4bf647ff4";"4da0641d-a4d6-40fe-85b2-2fc4d414b43b";therapist;Claro, certamente você se livrará em poucas sessões.;2026-02-25 12:16:56.306;false;A resposta do terapeuta é muito otimista, mas não atende a todos os critérios esperados. Não valida a experiência do paciente, não explica como a TCC funciona, nem estabelece expectativas adequadas. É importante abordar esses aspectos para oferecer uma resposta mais completa e alinhada com a prática da TCC.;25;
"1510d6ea-fb03-42b7-ba5f-23a0dd11d66d";"4da0641d-a4d6-40fe-85b2-2fc4d414b43b";therapist;[Resposta em áudio];2026-02-25 12:20:17.790;false;A resposta do terapeuta é acolhedora e demonstra entusiasmo pelo progresso do paciente, mas não atende integralmente a todos os critérios. Embora acredite no processo terapêutico, a explicação sobre a TCC é vaga e não estabelece expectativas claras sobre a natureza e o impacto da terapia. Para melhorar, o terapeuta poderia incluir uma breve explicação sobre como a TCC ajuda a modificar padrões de pensamento e comportamento e como isso pode trazer alívio e melhorar a qualidade de vida do paciente.;75;Fico muito feliz aí que tu esteja acreditando aí no nosso processo, mas o que eu gostaria de te explicar nesse momento? A terapia cognitivo comportamental ela vai ter esse objetivo de te ajudar a solucionar os teus problemas ao longo do tempo e o nosso objetivo vai ser trabalhar juntos para conseguir alcançar esse objetivo.
d1fe2e1e-80f4-4697-8d2e-1d93c52fc813;f26dd667-9198-40ae-bce7-87bb268b164f;ia;paciente (com medo/desconfiado): Já tentei terapia antes e só piorei… como sei que aqui não vai acontecer de novo?;2026-02-25 13:39:21.967;;;0;
f24a14ef-31b9-4f76-94d0-9bab4ef3cd0f;"738a8f66-6f07-43d0-9d28-f707b61ed7ed";ia;(Desamparado) Fui abusado quando era criança e, recentemente, não consigo parar de pensar nisso. Meu namorado tenta me ajudar a ser mais positivo, mas não consigo parar de me sentir deprimido. Às vezes penso que seria mais fácil para todos se eu estivesse morto.;2026-02-25 13:41:01.781;;;0;
